date,news_compound
2020-01-01,0.03160983736132855
2020-01-02,-0.05472516734284776
2020-01-03,-0.06923656839661302
2020-01-06,0.015222786702218064
2020-01-07,-0.03487810094511666
2020-01-08,0.04702922576817195
2020-01-09,-0.027758543855579673
2020-01-10,0.09837326967110832
2020-01-13,0.0440362131351002
2020-01-14,-0.07010937815443044
2020-01-15,-0.04789231686268676
2020-01-16,-0.0037088032208770494
2020-01-17,-0.003437039478305759
2020-01-20,0.03311737150766608
2020-01-21,-0.04089101307185686
2020-01-22,0.040576256993809234
2020-01-23,-0.07906845730551604
2020-01-24,-0.07942695962299605
2020-01-27,-0.03591256939280492
2020-01-28,-0.03541654910950498
2020-01-29,-0.09018574640623858
2020-01-30,-0.05046402460224025
2020-01-31,-0.045515465441706995
2020-02-03,-0.024098590773790646
2020-02-04,-0.02520766902962439
2020-02-05,-0.024967001643452807
2020-02-06,0.04669403110871481
2020-02-07,0.0024379821309816058
2020-02-10,-0.0973497643390572
2020-02-11,-0.02614901562680641
2020-02-12,-0.03364542039354275
2020-02-13,-0.010249569044471829
2020-02-14,0.024411195812488323
2020-02-17,0.022841110500952125
2020-02-18,-0.0544107997440193
2020-02-19,0.029626479905285386
2020-02-20,-0.06910749807265698
2020-02-21,0.06289734676159214
2020-02-24,0.05030816075541583
2020-02-25,0.0020915273708679988
2020-02-26,-0.07081283219677577
2020-02-27,0.08120916698408462
2020-02-28,0.04160964151652155
2020-03-02,0.07505180522964292
2020-03-03,0.07982190323645563
2020-03-04,0.09969232340961415
2020-03-05,0.01618808422670201
2020-03-06,-0.06363030247161772
2020-03-09,0.027791519303921486
2020-03-10,0.024483230884902035
2020-03-11,0.07808820745614786
2020-03-12,0.02201521607685282
2020-03-13,0.0899703010881755
2020-03-16,0.03583156515887137
2020-03-17,-0.09158004850323193
2020-03-18,0.07953840357393624
2020-03-19,-0.08386124584871522
2020-03-20,-0.00469734851967589
2020-03-23,-0.09264255183720677
2020-03-24,-0.019792727070021887
2020-03-25,0.059047499777019175
2020-03-26,-0.008324059357571106
2020-03-27,0.07406182914391016
2020-03-30,-0.0759695107796712
2020-03-31,0.08837491381526355
2020-04-01,-0.09240254811194665
2020-04-02,-0.008913665189078282
2020-04-03,-0.07328471651541438
2020-04-06,-0.0024401992381408305
2020-04-07,0.027739854899165445
2020-04-08,-0.00790153862719975
2020-04-09,-0.07950156705360852
2020-04-10,-0.061890186501336444
2020-04-13,-0.043930918511979195
2020-04-14,0.0394230931985034
2020-04-15,-0.04640040770512473
2020-04-16,0.048214217720681546
2020-04-17,0.09889435452463943
2020-04-20,0.09313766401971324
2020-04-21,-0.08715479825506589
2020-04-22,-0.002451408476869782
2020-04-23,-0.043417880555110755
2020-04-24,0.009933715618237124
2020-04-27,0.083617181532047
2020-04-28,0.07212087712914639
2020-04-29,0.033525287314402324
2020-04-30,0.04574102440026506
2020-05-01,-0.05489072149142158
2020-05-04,0.017356239569754267
2020-05-05,-0.06369045163736493
2020-05-06,-0.07731031516620852
2020-05-07,0.086750030454636
2020-05-08,-0.0962679467361579
2020-05-11,0.09413315699566074
2020-05-12,0.04604835267059107
2020-05-13,0.0987025632441556
2020-05-14,-0.0729676371940528
2020-05-15,0.02934488762999804
2020-05-18,0.04173889795678201
2020-05-19,0.0777816348089718
2020-05-20,-0.04536255784020569
2020-05-21,-0.05442497087257121
2020-05-22,0.013594279338517617
2020-05-25,-0.029028754571325477
2020-05-26,0.015276580532676914
2020-05-27,0.012062014628544435
2020-05-28,-0.04105569543852361
2020-05-29,0.030387263371134288
2020-06-01,-0.03670339462944912
2020-06-02,-0.015452217188728953
2020-06-03,0.052850995620861346
2020-06-04,-0.03721081516272205
2020-06-05,-0.08707874200334065
2020-06-08,0.05193358214816721
2020-06-09,-0.052148400056029345
2020-06-10,0.018865781578103508
2020-06-11,-0.012808402418161016
2020-06-12,-0.07511921418750425
2020-06-15,0.054731364133491445
2020-06-16,-0.09549111843160155
2020-06-17,0.01924693863498836
2020-06-18,0.03697380058879837
2020-06-19,-0.0393751699408095
2020-06-22,-0.0744333342632078
2020-06-23,-0.06329230926302665
2020-06-24,-0.09868102600603064
2020-06-25,-0.03946687777770735
2020-06-26,-0.06292497020765814
2020-06-29,-0.06705392401003714
2020-06-30,-0.03233742889991423
2020-07-01,-0.08390601542099077
2020-07-02,-0.0229779108902112
2020-07-03,0.07020362647231013
2020-07-06,0.06924773747098747
2020-07-07,-0.01837323119017513
2020-07-08,-0.023945566198991602
2020-07-09,0.015655157093438538
2020-07-10,0.030371639569649223
2020-07-13,-0.04543755779820338
2020-07-14,0.040859666753031654
2020-07-15,-0.003242767695177104
2020-07-16,0.07714842833237603
2020-07-17,0.03659619103031336
2020-07-20,0.035896536770466725
2020-07-21,-0.02779429173765778
2020-07-22,0.06608335263381518
2020-07-23,-0.020363506926244113
2020-07-24,0.004354401085969073
2020-07-27,0.09542188162215565
2020-07-28,0.02551095918805782
2020-07-29,0.024562522470310322
2020-07-30,-0.09673088395145751
2020-07-31,-0.03203265547390462
2020-08-03,-0.06506311090054395
2020-08-04,0.03891910498056242
2020-08-05,0.027629745050655685
2020-08-06,0.0352582982039123
2020-08-07,-0.07477833732981667
2020-08-10,-0.07548779558522026
2020-08-11,0.04869683848994527
2020-08-12,0.03978310383456407
2020-08-13,-0.01285772372185165
2020-08-14,0.08001982654433695
2020-08-17,-0.0997794829104106
2020-08-18,-0.09021311129979077
2020-08-19,-0.06760619954994536
2020-08-20,-0.0007393154261847446
2020-08-21,-0.08265007491121326
2020-08-24,-0.048014358797775984
2020-08-25,-0.060200865322136005
2020-08-26,-0.07150213318225251
2020-08-27,0.036031164180535036
2020-08-28,0.011301041634636716
2020-08-31,0.028593401917605343
2020-09-01,-0.06671205223898331
2020-09-02,0.012035921317581535
2020-09-03,-0.022892622719192388
2020-09-04,0.09458508459897175
2020-09-07,-0.006512591845499169
2020-09-08,0.07929045144022412
2020-09-09,0.06737952743372466
2020-09-10,-0.02103871616676807
2020-09-11,-0.0170494040123714
2020-09-14,0.07614506121910283
2020-09-15,-0.06664681566736225
2020-09-16,-0.020108093307647845
2020-09-17,0.025289713606962805
2020-09-18,-0.09437660491152425
2020-09-21,0.0807005470503305
2020-09-22,0.098781619721412
2020-09-23,-0.05754748485693657
2020-09-24,0.045963156248009535
2020-09-25,0.06560524658967223
2020-09-28,-0.0690105159465057
2020-09-29,-0.09359512177022147
2020-09-30,0.07093344280956757
2020-10-01,0.07277817814065438
2020-10-02,-0.030588389908786026
2020-10-05,-0.05017230219056064
2020-10-06,-0.03959126192578735
2020-10-07,-0.03619006115824788
2020-10-08,-0.05018546741305488
2020-10-09,0.005174324432024785
2020-10-12,0.07169149156416926
2020-10-13,0.07544323536907327
2020-10-14,-0.07756314554919122
2020-10-15,0.03763121813999021
2020-10-16,0.035589008232301655
2020-10-19,-0.0002141938279451583
2020-10-20,-0.01183031301119744
2020-10-21,0.06330649570382726
2020-10-22,-0.011702362622768775
2020-10-23,0.04758845317161192
2020-10-26,-0.09615629917799573
2020-10-27,0.09832821075429976
2020-10-28,-0.08720271144248692
2020-10-29,-0.024298515711806704
2020-10-30,0.08383869716781761
2020-11-02,0.025071049239431292
2020-11-03,0.03344020431144684
2020-11-04,-0.08463833642441317
2020-11-05,0.00026669497663507624
2020-11-06,0.05714831102777293
2020-11-09,0.04067038088174263
2020-11-10,-0.08893472485223458
2020-11-11,0.0826374724238429
2020-11-12,-0.0014886953931774194
2020-11-13,0.07406201781074542
2020-11-16,0.07487881496771773
2020-11-17,0.08623615743341781
2020-11-18,0.09477576242617447
2020-11-19,0.004818680708985307
2020-11-20,-0.045123554877021826
2020-11-23,0.05706982272610775
2020-11-24,0.0845551724886282
2020-11-25,0.045599469303728324
2020-11-26,-0.004740643047901699
2020-11-27,0.09180652280013926
2020-11-30,0.054388042642119466
2020-12-01,0.010325249167223577
2020-12-02,0.09683572100338525
2020-12-03,0.0737300819584634
2020-12-04,0.061248067476359996
2020-12-07,0.05554940284315962
2020-12-08,-0.01654373990468283
2020-12-09,-0.046322198393793396
2020-12-10,0.06863883946775146
2020-12-11,-0.06177350596527769
2020-12-14,0.09121149694973946
2020-12-15,-0.00569440574254676
2020-12-16,0.026963561826707616
2020-12-17,0.08321133657084498
2020-12-18,-0.016671480799993227
2020-12-21,0.0409920340510839
2020-12-22,-0.027669475632104645
2020-12-23,0.03226467124841936
2020-12-24,0.04237957951188204
2020-12-25,-0.08255643900845651
2020-12-28,0.033703993763786466
2020-12-29,-0.01773452482232389
2020-12-30,0.03518727383156958
2020-12-31,-0.018699852111132745
2021-01-01,0.07587627676128669
2021-01-04,-0.04432810747977894
2021-01-05,0.0014529457328096712
2021-01-06,0.03968255969395479
2021-01-07,-0.0014452661494896712
2021-01-08,-0.07139858551419015
2021-01-11,-0.09888005529857458
2021-01-12,-0.02725212873687076
2021-01-13,-0.042907505330069595
2021-01-14,-0.052470950433767996
2021-01-15,0.08403089313126058
2021-01-18,0.09851177348009851
2021-01-19,-0.09355855046441158
2021-01-20,-0.08775111996575671
2021-01-21,-0.00536113103394209
2021-01-22,0.08387250175536587
2021-01-25,-0.030754924910697465
2021-01-26,-0.0011151427252053675
2021-01-27,0.09913543363197155
2021-01-28,-0.00012197949970593758
2021-01-29,0.016610752733897366
2021-02-01,0.09193181979973272
2021-02-02,-0.04652662929037554
2021-02-03,0.016751053261120447
2021-02-04,-0.02267018800027501
2021-02-05,-0.0077612258909231235
2021-02-08,0.042777328481816645
2021-02-09,0.024931068524845917
2021-02-10,-0.08507494117926583
2021-02-11,0.09035925230935324
2021-02-12,-0.07851087038250865
2021-02-15,0.01955351562314042
2021-02-16,0.012545294206441543
2021-02-17,0.0018937824274446735
2021-02-18,-0.02285546862510361
2021-02-19,-0.04772499372953842
2021-02-22,0.06621585922077419
2021-02-23,0.06992298420328266
2021-02-24,-0.055761038532571305
2021-02-25,0.05042032760037002
2021-02-26,0.039299856250376464
2021-03-01,0.031910456346639055
2021-03-02,-0.09665858411303273
2021-03-03,0.018465829517608
2021-03-04,0.010174748528430325
2021-03-05,-0.06129501903574713
2021-03-08,0.047100510848775756
2021-03-09,-0.07094097261347783
2021-03-10,-0.03221682225024276
2021-03-11,-0.05971989405333744
2021-03-12,-0.048650452514618615
2021-03-15,-0.042312731074971514
2021-03-16,-0.01733361963341891
2021-03-17,0.030139505443598696
2021-03-18,0.001668439080515588
2021-03-19,-0.09077489834996066
2021-03-22,0.08149594320926418
2021-03-23,0.001453818807937629
2021-03-24,0.006998747604631303
2021-03-25,0.03967481764361394
2021-03-26,-0.03539051202102521
2021-03-29,0.08216151948457306
2021-03-30,0.09242092557345474
2021-03-31,-0.06928132369980702
2021-04-01,-0.08219366667330652
2021-04-02,-0.0043619654655678575
2021-04-05,-0.0762455601704996
2021-04-06,0.04583100381626884
2021-04-07,-0.06340739099898998
2021-04-08,0.011572504475436785
2021-04-09,-0.0020124258472614953
2021-04-12,-0.08455072527610151
2021-04-13,-0.04653195232396393
2021-04-14,0.0008865489344007937
2021-04-15,0.026535934313999754
2021-04-16,0.09481918886171672
2021-04-19,-0.011479810955776812
2021-04-20,0.02819876197585236
2021-04-21,-0.027514164053650397
2021-04-22,-0.0850747919838564
2021-04-23,0.09705986385576629
2021-04-26,-0.004130833142715479
2021-04-27,-0.015473819989110682
2021-04-28,0.08745221681178497
2021-04-29,-0.09173097762135828
2021-04-30,-0.016702470502009972
2021-05-03,-0.06302915055147082
2021-05-04,-0.030391286055236374
2021-05-05,-0.0641890812522376
2021-05-06,0.041857701118988566
2021-05-07,0.03587945173341159
2021-05-10,-0.0817418208978876
2021-05-11,-0.04988320985994765
2021-05-12,-0.022900594161336163
2021-05-13,0.006340424386046234
2021-05-14,-0.08844910982140691
2021-05-17,-0.09643064705748844
2021-05-18,-0.06680358936725314
2021-05-19,0.08611471705248938
2021-05-20,-0.03251871439991576
2021-05-21,0.02830078115845086
2021-05-24,0.016982500152351393
2021-05-25,0.0587055994898997
2021-05-26,0.048779409712111116
2021-05-27,-0.04934158083652976
2021-05-28,-0.029249052746235266
2021-05-31,0.02468311510123153
2021-06-01,0.002918296533792164
2021-06-02,-0.021891027767245358
2021-06-03,-0.0667088043019904
2021-06-04,-0.038131658493281706
2021-06-07,0.07415525205042775
2021-06-08,0.061186216600763066
2021-06-09,0.007491408238503583
2021-06-10,-0.050514680175463456
2021-06-11,0.08164375255549683
2021-06-14,0.07102432955962507
2021-06-15,0.029843879850694893
2021-06-16,0.09216769524604496
2021-06-17,-0.0018304380688975996
2021-06-18,0.04875239208797377
2021-06-21,-0.0826090265858016
2021-06-22,0.08466801297408783
2021-06-23,-0.0805068464866715
2021-06-24,-0.09498065555313512
2021-06-25,-0.015758210928898286
2021-06-28,-0.0772980396486565
2021-06-29,0.04195214871231359
2021-06-30,0.02376836538186164
2021-07-01,0.03822613018616772
2021-07-02,-0.06444796564594146
2021-07-05,0.017200984242623465
2021-07-06,-0.09669494680147911
2021-07-07,0.03699848087979568
2021-07-08,-0.05518266675647272
2021-07-09,-0.03006485329068946
2021-07-12,0.0025082151645092476
2021-07-13,-0.056442094402600645
2021-07-14,0.0731647541034342
2021-07-15,0.029732492342406547
2021-07-16,0.08402631445430209
2021-07-19,0.0956407817796435
2021-07-20,-0.00625616702883576
2021-07-21,-0.04302714438589688
2021-07-22,-0.09088851432789094
2021-07-23,-0.012704223883909377
2021-07-26,0.023364290511670036
2021-07-27,0.09694128131906707
2021-07-28,-0.0728179785811327
2021-07-29,-0.060234677918198656
2021-07-30,0.03893321355818663
2021-08-02,0.0029204171502112686
2021-08-03,0.06249672887108934
2021-08-04,-0.026998523315018494
2021-08-05,-0.05223460896166665
2021-08-06,0.006364473838911658
2021-08-09,0.05239736931089031
2021-08-10,0.08416637206015845
2021-08-11,-0.06784635504309194
2021-08-12,0.0018738286910829072
2021-08-13,-0.00844387314676695
2021-08-16,-0.09395861651893228
2021-08-17,0.032517573318117776
2021-08-18,0.04009578266034519
2021-08-19,0.06389110144373245
2021-08-20,0.08831373962088268
2021-08-23,0.08257244664308475
2021-08-24,0.04162682253469635
2021-08-25,0.050471285525077014
2021-08-26,-0.035196412334471086
2021-08-27,0.09462753585372807
2021-08-30,0.05843437450420497
2021-08-31,-0.07940883637957574
2021-09-01,-0.02666728004431536
2021-09-02,-0.0696525851521124
2021-09-03,-0.06794010545181035
2021-09-06,-0.03680534913683453
2021-09-07,-0.0557698445403835
2021-09-08,-0.0817431254961702
2021-09-09,-0.06638967195546855
2021-09-10,-0.03972927782945246
2021-09-13,-0.06326736308421843
2021-09-14,-0.07584547991794402
2021-09-15,0.06177549132070048
2021-09-16,0.009438686880513386
2021-09-17,-0.04380220324578084
2021-09-20,0.09343125863414456
2021-09-21,-0.06360372555323329
2021-09-22,0.06500299968779996
2021-09-23,-0.06168844323292642
2021-09-24,0.06131396660838928
2021-09-27,0.050080265584639655
2021-09-28,0.01395129813398037
2021-09-29,0.028903499316620757
2021-09-30,-0.004885072486707748
2021-10-01,0.03866749690352589
2021-10-04,-0.012039472435097204
2021-10-05,0.08431615339290713
2021-10-06,-0.024552234436457127
2021-10-07,-0.03358389622098544
2021-10-08,-0.0088338503929251
2021-10-11,0.016286407262105146
2021-10-12,0.020850400134175315
2021-10-13,0.066955411434312
2021-10-14,0.025947201892047828
2021-10-15,-0.021590000207870524
2021-10-18,-0.0982656007681174
2021-10-19,-0.002125531381619833
2021-10-20,-0.0291091255973938
2021-10-21,-0.07787623137890741
2021-10-22,-0.02670065953943064
2021-10-25,0.03575401250701868
2021-10-26,-0.0037288406583988742
2021-10-27,0.03175851416966097
2021-10-28,0.05180456652175788
2021-10-29,-0.0692717290582199
2021-11-01,0.007932650927083798
2021-11-02,-0.029615210321322263
2021-11-03,0.03958866044439979
2021-11-04,-0.010934018337963522
2021-11-05,-0.09738579765583177
2021-11-08,0.053970627822575834
2021-11-09,-0.08295359461032643
2021-11-10,0.04843950787264312
2021-11-11,-0.06148258757421848
2021-11-12,-0.06606857719371775
2021-11-15,0.06412762027336236
2021-11-16,-0.00619798616649099
2021-11-17,0.0021825815117623992
2021-11-18,0.02051515220792341
2021-11-19,0.018219556531820086
2021-11-22,0.011209026431724722
2021-11-23,0.0010452196277973141
2021-11-24,-0.05391869329184434
2021-11-25,-0.048443299114212746
2021-11-26,-0.04030836538424059
2021-11-29,0.07162068819520029
2021-11-30,-0.05455295314752162
2021-12-01,0.03420404129496424
2021-12-02,-0.03140158402692794
2021-12-03,0.06472336718699984
2021-12-06,0.0014209444556767953
2021-12-07,0.06829417288497011
2021-12-08,0.07649117115013607
2021-12-09,-0.015307392332152697
2021-12-10,0.0829535716278186
2021-12-13,-0.05808681402039582
2021-12-14,-0.03520419566407376
2021-12-15,0.06124250396989281
2021-12-16,-0.029639766181457805
2021-12-17,0.01162344321902782
2021-12-20,0.086864525664889
2021-12-21,-0.029163173072782822
2021-12-22,0.08090232876290007
2021-12-23,-0.09785792765893575
2021-12-24,-0.07442008655421484
2021-12-27,-0.06138100234764657
2021-12-28,0.08192981012657657
2021-12-29,0.04162549033080154
2021-12-30,0.06909155899241559
2021-12-31,0.0015227195510089386
2022-01-03,0.04684152237431688
2022-01-04,0.044559230124378846
2022-01-05,0.005796303911323755
2022-01-06,0.04872287432127928
2022-01-07,-0.07442053908286737
2022-01-10,0.03190814598088948
2022-01-11,0.030987497880385795
2022-01-12,0.061504078897978015
2022-01-13,0.01060491625928335
2022-01-14,0.0921560345841399
2022-01-17,-0.029488426231175632
2022-01-18,0.055411464346730666
2022-01-19,0.09099753643841421
2022-01-20,0.008966410677172784
2022-01-21,0.059893584303685826
2022-01-24,-0.07588071294632426
2022-01-25,-0.05742205273792729
2022-01-26,-0.0853429244500025
2022-01-27,0.08252843042719299
2022-01-28,-0.09911980639388646
2022-01-31,0.026918790417734206
2022-02-01,-0.09135539599697134
2022-02-02,-0.03344335682239011
2022-02-03,0.020183190048326832
2022-02-04,-0.021940207839251463
2022-02-07,-0.047604173250992976
2022-02-08,-0.0982889395130337
2022-02-09,-0.09127833583842618
2022-02-10,0.04278275896041292
2022-02-11,0.012731633876901502
2022-02-14,0.015537796128275036
2022-02-15,-0.017417577543475574
2022-02-16,0.03966987277362516
2022-02-17,-0.021704873541000785
2022-02-18,0.08294225603499039
2022-02-21,0.08957566442324358
2022-02-22,0.028052481055910267
2022-02-23,-0.01719595576676207
2022-02-24,0.09211540754191624
2022-02-25,-0.043133780867197574
2022-02-28,-0.00765059427537125
2022-03-01,-0.07284248158891558
2022-03-02,-0.05713232655017804
2022-03-03,-0.062135082861194096
2022-03-04,-0.03824099032268651
2022-03-07,-0.049560794858639984
2022-03-08,-0.06509546713405412
2022-03-09,0.040418044421884264
2022-03-10,0.07638178096293796
2022-03-11,-0.036910755071639795
2022-03-14,-0.04056702210062551
2022-03-15,-0.05018594974033122
2022-03-16,0.06591351457882696
2022-03-17,0.03286393616906064
2022-03-18,-0.08397323751364737
2022-03-21,0.011100276985013743
2022-03-22,-0.08760914781838594
2022-03-23,-0.0991193312192451
2022-03-24,-0.06564028024515373
2022-03-25,-0.07547916874108701
2022-03-28,-0.044808131166358914
2022-03-29,-0.07427681183692683
2022-03-30,-0.05120108080553998
2022-03-31,-0.002046951225465915
2022-04-01,-0.009437308340824832
2022-04-04,0.066733798953315
2022-04-05,0.03298693953647469
2022-04-06,0.0961706501010518
2022-04-07,0.03362900585896941
2022-04-08,0.07736206503728368
2022-04-11,-0.08677711326898291
2022-04-12,-0.04323154484352348
2022-04-13,-0.01328166790512042
2022-04-14,-0.01581179370337278
2022-04-15,0.05973053440056206
2022-04-18,-0.07719493736180907
2022-04-19,0.014259923797356744
2022-04-20,0.07656921716415671
2022-04-21,0.008982399315296458
2022-04-22,-0.00567736457548533
2022-04-25,0.016930060178628595
2022-04-26,-0.07253681194476354
2022-04-27,0.05228951454349148
2022-04-28,0.04551135931410172
2022-04-29,0.08638932907513075
2022-05-02,0.008984863520886302
2022-05-03,-0.04941072025632636
2022-05-04,0.026185006378399545
2022-05-05,-0.06532887415965216
2022-05-06,-0.0671215129537196
2022-05-09,-0.09257449276581337
2022-05-10,-0.04696680880365414
2022-05-11,0.009566158887316517
2022-05-12,0.012634388887619724
2022-05-13,0.06621200025466223
2022-05-16,-0.018025015309844378
2022-05-17,0.07798494056468822
2022-05-18,-0.09834571307815106
2022-05-19,-0.08656302888445096
2022-05-20,0.0075672902729381625
2022-05-23,-0.047968969218305096
2022-05-24,-0.0765976889486838
2022-05-25,0.03494141519011282
2022-05-26,0.05702424998845887
2022-05-27,0.005537354709456405
2022-05-30,-0.04541099034661633
2022-05-31,0.09197748904550657
2022-06-01,0.05390909454362344
2022-06-02,-0.060251425514175394
2022-06-03,-0.00818658296573968
2022-06-06,0.024738262118138815
2022-06-07,0.03815627082913353
2022-06-08,-0.08998246687729217
2022-06-09,-0.09720173857606905
2022-06-10,-0.007401458119907084
2022-06-13,-0.05213129414393034
2022-06-14,-0.04737956769031324
2022-06-15,0.07159947218835006
2022-06-16,-0.05469947569355885
2022-06-17,-0.09299553549068318
2022-06-20,0.09887257089944448
2022-06-21,-0.03842210853148767
2022-06-22,-0.012584037492457428
2022-06-23,0.08817285936092475
2022-06-24,0.06678807979906051
2022-06-27,0.0419568627189596
2022-06-28,0.04092670409442162
2022-06-29,0.042082687522952106
2022-06-30,0.032963063753347205
2022-07-01,0.08702799273005271
2022-07-04,0.011488502187723168
2022-07-05,-0.054456272649034014
2022-07-06,0.014550956968503614
2022-07-07,0.02478923621744164
2022-07-08,0.010715001304630947
2022-07-11,-0.0017933528308393953
2022-07-12,0.046114325768009
2022-07-13,0.0854499844628247
2022-07-14,-0.08485292251735904
2022-07-15,0.0012759575026360104
2022-07-18,-0.0793014867137582
2022-07-19,0.08649257661542561
2022-07-20,0.039127489134426985
2022-07-21,-0.038945071314485304
2022-07-22,0.09871301609159205
2022-07-25,-0.0537149672665725
2022-07-26,0.08971667867900787
2022-07-27,0.0434913669462626
2022-07-28,0.05119015311525793
2022-07-29,-0.011379857495981277
2022-08-01,0.012038992948552749
2022-08-02,-0.024802390274839464
2022-08-03,-0.07960694413811041
2022-08-04,-0.014253128813352459
2022-08-05,0.039445142446855846
2022-08-08,-0.08272803692147315
2022-08-09,0.04800572097229988
2022-08-10,0.08984414856045062
2022-08-11,-0.003861741537461813
2022-08-12,-0.03454699661900311
2022-08-15,-0.012706114713044697
2022-08-16,-0.06987994649801713
2022-08-17,0.0762466221973804
2022-08-18,-0.06577755365966634
2022-08-19,-0.004125635002547284
2022-08-22,0.06260569934986973
2022-08-23,0.009660146703634534
2022-08-24,0.03131074392996985
2022-08-25,0.09486271131482202
2022-08-26,-0.08472615461671285
2022-08-29,0.04288485626971175
2022-08-30,-0.015428880742023171
2022-08-31,0.03681131580786223
2022-09-01,-0.06736938001178347
2022-09-02,-0.056119202178761075
2022-09-05,-0.044139966002212976
2022-09-06,-0.052902169850006356
2022-09-07,0.016447268779047564
2022-09-08,0.049531611720320556
2022-09-09,0.003968464153646822
2022-09-12,-0.08797510364350587
2022-09-13,-0.03147226333427451
2022-09-14,0.06376896594077441
2022-09-15,-0.09877317935170205
2022-09-16,0.06767610528017773
2022-09-19,0.038339916319555745
2022-09-20,0.04946427520636093
2022-09-21,-0.016228008993193807
2022-09-22,-0.0018469416795339477
2022-09-23,-0.03691133289802728
2022-09-26,0.07475708454155958
2022-09-27,0.08890469638289436
2022-09-28,0.07861002774986756
2022-09-29,0.02607063692875572
2022-09-30,0.07750747364082189
2022-10-03,0.007792949632952337
2022-10-04,-0.045011397336105534
2022-10-05,0.0833156370353525
2022-10-06,0.002062134411334071
2022-10-07,0.05064562719321877
2022-10-10,0.02831833912745471
2022-10-11,-0.03481955887153379
2022-10-12,0.08419135476044268
2022-10-13,-0.06444408419139043
2022-10-14,0.04747186182132279
2022-10-17,0.060720564978903935
2022-10-18,-0.05141720193170192
2022-10-19,0.09298274688344754
2022-10-20,-0.04799877245400541
2022-10-21,0.03043248192443887
2022-10-24,-0.042243934427821
2022-10-25,0.015315589131503257
2022-10-26,0.019211378020546246
2022-10-27,-0.005444611428746388
2022-10-28,-0.014071327896099287
2022-10-31,-0.04311812103684727
2022-11-01,-0.05041110485319522
2022-11-02,0.07740858248443502
2022-11-03,0.09077503647757765
2022-11-04,-0.0876398484022656
2022-11-07,0.053698710120244214
2022-11-08,-0.09394240141598045
2022-11-09,0.0544157541354342
2022-11-10,-0.017958001370821777
2022-11-11,-0.006121367570225078
2022-11-14,-0.01727719405771444
2022-11-15,-0.09059879636093522
2022-11-16,0.023462340151377645
2022-11-17,-0.048879500036253146
2022-11-18,0.04213319082227335
2022-11-21,-0.023217658710340802
2022-11-22,0.04803678697267205
2022-11-23,-0.040628726393224374
2022-11-24,-0.012452617786035819
2022-11-25,-0.027820561094611992
2022-11-28,-0.04117724133255814
2022-11-29,-0.017673533079052423
2022-11-30,-0.09162010511812216
2022-12-01,-0.006528380672088427
2022-12-02,-0.050394368095613554
2022-12-05,-0.08398685285314074
2022-12-06,0.05810049147969326
2022-12-07,0.09362311549366639
2022-12-08,-0.050002983524922495
2022-12-09,0.07933497143281495
2022-12-12,0.036546257815609856
2022-12-13,0.0964967719844288
2022-12-14,-0.010392817439282151
2022-12-15,0.06107230511470971
2022-12-16,-0.03560178296481141
2022-12-19,-0.04949132730201398
2022-12-20,-0.002464337946646772
2022-12-21,-0.05048066346203253
2022-12-22,-0.06894156013105293
2022-12-23,-0.014584440325103615
2022-12-26,0.09495919921477952
2022-12-27,-0.008446443912293433
2022-12-28,-0.019459108711808892
2022-12-29,0.0068012796897832795
2022-12-30,0.08232710184254252
2023-01-02,-0.008784579643237672
2023-01-03,-0.008882714361674912
2023-01-04,0.0648933639532775
2023-01-05,-0.007980870769481702
2023-01-06,-0.09813530947284153
2023-01-09,-0.06783933698310882
2023-01-10,0.07255152654597494
2023-01-11,-0.07218165734554356
2023-01-12,-0.05619880108517472
2023-01-13,0.09520515520596118
2023-01-16,0.09741486477248709
2023-01-17,-0.09870133727486763
2023-01-18,-0.012924412688806924
2023-01-19,0.05530750388273517
2023-01-20,0.07797787250210639
2023-01-23,-0.005026124329380058
2023-01-24,-0.029353584572788124
2023-01-25,0.0054203840144006615
2023-01-26,0.07165318753952232
2023-01-27,-0.0645673928669331
2023-01-30,0.01280938559397908
2023-01-31,-0.05959115274699252
2023-02-01,-0.047950274934157225
2023-02-02,-0.06648444466944961
2023-02-03,0.06502499081582672
2023-02-06,-0.0015256446724547928
2023-02-07,0.021246249620918034
2023-02-08,0.028326658304562435
2023-02-09,0.06326967677923667
2023-02-10,-0.012762868914991538
2023-02-13,0.07021428939480198
2023-02-14,-0.0008398722644385737
2023-02-15,-0.04103204115978203
2023-02-16,0.020458375219233355
2023-02-17,0.06302039780951899
2023-02-20,-0.0565851501521
2023-02-21,-0.015935446794141744
2023-02-22,0.08610531827367132
2023-02-23,-0.040282285466517
2023-02-24,0.08140058583295293
2023-02-27,0.056364433019258364
2023-02-28,-0.09610317054395189
2023-03-01,-0.07509935865968212
2023-03-02,0.029538786040477327
2023-03-03,-0.0810521427462978
2023-03-06,0.034651195058451684
2023-03-07,-0.03825594950420257
2023-03-08,-0.066477451789229
2023-03-09,0.04495277690665736
2023-03-10,0.08380427410231081
2023-03-13,0.009677649703267344
2023-03-14,-0.02938782545926777
2023-03-15,-0.09085417657553521
2023-03-16,0.08772066677010537
2023-03-17,0.007827972599689897
2023-03-20,0.024132387624335783
2023-03-21,0.04360668924258465
2023-03-22,0.03182303526053504
2023-03-23,-0.08263653015041153
2023-03-24,-0.028897235535181934
2023-03-27,-0.07096001466791711
2023-03-28,0.09843611766484806
2023-03-29,-0.05623155803912239
2023-03-30,-0.05527944728535133
2023-03-31,0.07573785452582812
2023-04-03,-0.0759982827138464
2023-04-04,-0.07292988453953347
2023-04-05,-0.048475697503748943
2023-04-06,-0.01865496823726276
2023-04-07,0.055651484394888845
2023-04-10,-0.09312957892599405
2023-04-11,-0.011631029317818078
2023-04-12,0.04755915610806008
2023-04-13,0.08322389735586974
2023-04-14,0.08694733488930204
2023-04-17,0.0846900261383369
2023-04-18,0.09808166252076192
2023-04-19,-0.08937275581594087
2023-04-20,0.00804135738132146
2023-04-21,-0.03791953101181063
2023-04-24,-0.07953056589799341
2023-04-25,0.046279070471211575
2023-04-26,-0.08636734004137435
2023-04-27,-0.033724271079647414
2023-04-28,-0.013223645847558932
2023-05-01,-0.05797868437467871
2023-05-02,0.07095640753937221
2023-05-03,0.07705564263162629
2023-05-04,0.007070061161370503
2023-05-05,0.012368898772088271
2023-05-08,-0.0021948548316267774
2023-05-09,-0.060996912363058355
2023-05-10,-0.00012047448417432105
2023-05-11,0.010361541193615986
2023-05-12,0.07446030686260294
2023-05-15,0.004393228114308756
2023-05-16,-0.029325824007838855
2023-05-17,-0.037507520826016494
2023-05-18,-0.07186404689427404
2023-05-19,-0.08905921547672005
2023-05-22,-0.07848328593666923
2023-05-23,0.07022666279625311
2023-05-24,0.007243895076209345
2023-05-25,0.09457855804877205
2023-05-26,0.008519227020885062
2023-05-29,0.01230882061084082
2023-05-30,0.0952273222096946
2023-05-31,0.09456130743697821
2023-06-01,-0.061225441765778515
2023-06-02,0.06212026247540156
2023-06-05,0.05243486363434888
2023-06-06,-0.0023125026129291876
2023-06-07,-0.04375181778169122
2023-06-08,-0.0455856499388394
2023-06-09,0.07402171707090169
2023-06-12,-0.08268311059719431
2023-06-13,0.03953076652448986
2023-06-14,-0.022326485218335496
2023-06-15,0.05147835896466446
2023-06-16,-0.05883223606758328
2023-06-19,0.059260573524202304
2023-06-20,0.040536474811969286
2023-06-21,-0.09424475485583401
2023-06-22,0.07307083777503204
2023-06-23,0.014598753705902398
2023-06-26,-0.00871895773050231
2023-06-27,0.08623464867940744
2023-06-28,-0.05732465953651296
2023-06-29,-0.015900544156228102
2023-06-30,0.0287054107009852
2023-07-03,-0.04434513529195321
2023-07-04,-0.04648834942488192
2023-07-05,-0.014070968241243945
2023-07-06,0.03278869727645756
2023-07-07,-0.004306083734041705
2023-07-10,-0.016007908500909787
2023-07-11,-0.0035093122600002163
2023-07-12,0.0018846133176135121
2023-07-13,-0.04293297076966618
2023-07-14,0.030288257624396686
2023-07-17,-0.04723833121660051
2023-07-18,0.0859836485111902
2023-07-19,-0.06501052871658448
2023-07-20,0.07719410441499167
2023-07-21,-0.0018976834767434336
2023-07-24,0.055917175015486514
2023-07-25,0.09175026824502874
2023-07-26,-0.06459234693566773
2023-07-27,-0.020868420488264275
2023-07-28,0.05770570404071759
2023-07-31,0.0968062414498766
2023-08-01,0.06862302370689197
2023-08-02,-0.057439224021411266
2023-08-03,0.011998281293703325
2023-08-04,0.019635294241610673
2023-08-07,0.01435925947496422
2023-08-08,0.07891900656552833
2023-08-09,0.029529100025583205
2023-08-10,0.0040855062955290206
2023-08-11,-0.011545323592580842
2023-08-14,-0.046727871245414554
2023-08-15,0.0023914004722432602
2023-08-16,-0.012079083271491764
2023-08-17,0.08352557076313177
2023-08-18,-0.018002393439274428
2023-08-21,-0.0726043773419818
2023-08-22,0.01766019473188432
2023-08-23,-0.03580834553988166
2023-08-24,-0.052960989317334374
2023-08-25,-0.005807128017897914
2023-08-28,0.07285149009259873
2023-08-29,-0.02005851999489247
2023-08-30,-0.08795249393410445
2023-08-31,-0.00024616966608626
2023-09-01,-0.08637862211924663
2023-09-04,-0.01893928183425872
2023-09-05,0.0074990828440698876
2023-09-06,0.026781233707405788
2023-09-07,0.07640104597140202
2023-09-08,-0.07889310906853347
2023-09-11,0.011757191043241952
2023-09-12,0.01962165013884587
2023-09-13,0.007573121688140436
2023-09-14,0.00744150200786356
2023-09-15,0.05616092843495432
2023-09-18,0.06351693542358963
2023-09-19,-0.09872933368674977
2023-09-20,-0.0717690092729627
2023-09-21,-0.0572577886470641
2023-09-22,0.013518493268773635
2023-09-25,0.004149709748861835
2023-09-26,-0.05180345368245261
2023-09-27,0.057572385678251486
2023-09-28,0.049316677083750454
2023-09-29,-0.07062122165996641
2023-10-02,-0.04759183126277189
2023-10-03,-0.08749190216674803
2023-10-04,-0.0981182060869089
2023-10-05,0.001295650022606204
2023-10-06,0.025575286605233394
2023-10-09,-0.0619175083249697
2023-10-10,-0.03392612367445512
2023-10-11,0.07223896374742853
2023-10-12,0.008042071066313675
2023-10-13,0.06777784840439546
2023-10-16,0.0005657981954985403
2023-10-17,0.05354716802875123
2023-10-18,-0.04235269504134312
2023-10-19,-0.04849496513402529
2023-10-20,-0.08155897044604786
2023-10-23,-0.06587223952139504
2023-10-24,-0.022377080792748846
2023-10-25,0.06385780278387321
2023-10-26,-0.019757395300992034
2023-10-27,-0.06105902400134309
2023-10-30,0.019648131292266308
2023-10-31,0.07818201331001992
2023-11-01,-0.0578127541915384
2023-11-02,-0.01406274771724729
2023-11-03,-0.0597275919686024
2023-11-06,0.006850135825652567
2023-11-07,0.0890587237407229
2023-11-08,0.0064085350390643975
2023-11-09,-0.07703039110721405
2023-11-10,-0.05548359670754497
2023-11-13,0.05040454571206049
2023-11-14,-0.04707372003889572
2023-11-15,-0.03528074956795335
2023-11-16,0.08582080115367433
2023-11-17,0.04783300478774616
2023-11-20,-0.016843405761172894
2023-11-21,-0.05243939859678229
2023-11-22,0.05391660043145505
2023-11-23,0.05856465714911535
2023-11-24,-0.054850857187223136
2023-11-27,0.06415961203720338
2023-11-28,-0.01792369432337744
2023-11-29,0.06603073226113015
2023-11-30,0.045565299669522885
2023-12-01,0.04599715433175472
2023-12-04,0.09878326364395465
2023-12-05,-0.052898147787028595
2023-12-06,-0.03420963574253599
2023-12-07,-0.08404833621877046
2023-12-08,-0.07852337525665197
2023-12-11,0.029830681564566475
2023-12-12,0.06650797204387174
2023-12-13,0.0735809303457233
2023-12-14,-0.01665915560854178
2023-12-15,0.051116690640671675
2023-12-18,-0.04724507872071784
2023-12-19,-0.030596839915604385
2023-12-20,0.09062751176790015
2023-12-21,-0.016241484435934497
2023-12-22,0.09726551544699386
2023-12-25,0.09887593943003603
2023-12-26,-0.012723919349191481
2023-12-27,-0.04791148101781573
2023-12-28,-0.08528454720189793
2023-12-29,-0.04129371228396117
2024-01-01,0.02099034510020681
2024-01-02,-0.008871757043054651
2024-01-03,0.01400184039756272
2024-01-04,0.0929062673323989
2024-01-05,0.088663978271039
2024-01-08,0.018718225766932384
2024-01-09,-0.013509890074383565
2024-01-10,-0.013694033386305926
2024-01-11,-0.020957447344369037
2024-01-12,0.019373412444759208
2024-01-15,0.07755463321189804
2024-01-16,-0.0516472461065588
2024-01-17,-0.03409707249913828
2024-01-18,-0.08643910896024001
2024-01-19,0.09345117702798941
2024-01-22,0.03351020784063846
2024-01-23,-0.019682696071451566
2024-01-24,-0.0659626380477191
2024-01-25,-0.07525982979939361
2024-01-26,0.0933206471305161
2024-01-29,0.021852384569159014
2024-01-30,0.0011987898225202659
2024-01-31,-0.049540001327717034
2024-02-01,-0.022550862222717807
2024-02-02,-0.09628719286383561
2024-02-05,0.014745265256766088
2024-02-06,0.0960422780511617
2024-02-07,-0.06771251873844544
2024-02-08,-0.04854783267533078
2024-02-09,0.016747087001180022
2024-02-12,0.007910054551905826
2024-02-13,-0.05473229041858685
2024-02-14,0.09684527393465955
2024-02-15,0.046830409688236235
2024-02-16,0.014815497595642074
2024-02-19,0.0008507009322708398
2024-02-20,-0.06236614677471826
2024-02-21,0.014161274687958136
2024-02-22,-0.007107217661367432
2024-02-23,-0.04580034858781317
2024-02-26,-0.02609139054682595
2024-02-27,0.07799201987912957
2024-02-28,-0.0763058758492215
2024-02-29,0.06381995073088864
2024-03-01,-0.007990144831778317
2024-03-04,0.04397662779952985
2024-03-05,0.09148859689899491
2024-03-06,0.05046472181500791
2024-03-07,0.018170015049276178
2024-03-08,-0.004113723345877382
2024-03-11,0.0881696466810031
2024-03-12,-0.053070064011086986
2024-03-13,0.052377448362317364
2024-03-14,0.062140116662492834
2024-03-15,0.06560620926466168
2024-03-18,0.017504993180509326
2024-03-19,-0.04627706325430636
2024-03-20,-0.056041442366821896
2024-03-21,0.017489303989168217
2024-03-22,0.039280759434401125
2024-03-25,-9.472516263903108e-06
2024-03-26,-0.038396944207072736
2024-03-27,0.07315662144000337
2024-03-28,-0.05246798341712216
2024-03-29,-0.016356956482991805
2024-04-01,-0.05164826842906514
2024-04-02,0.027477661261047337
2024-04-03,0.02165412139855276
2024-04-04,0.05879139059420474
2024-04-05,0.05392222083161691
2024-04-08,0.01853354470546853
2024-04-09,-0.011425876284130096
2024-04-10,0.059418592187975156
2024-04-11,-0.0896147889695847
2024-04-12,0.0021303565507013456
2024-04-15,0.026730915756932178
2024-04-16,-0.0948609465864958
2024-04-17,-0.08525438930050314
2024-04-18,0.033709509504383284
2024-04-19,-0.00954322611304359
2024-04-22,-0.09515504476763886
2024-04-23,0.017138580338104115
2024-04-24,0.019390699622518423
2024-04-25,-0.009390349912163143
2024-04-26,-0.04311459192937488
2024-04-29,0.06877535298829099
2024-04-30,-0.028446151443005663
2024-05-01,-0.001453461084567148
2024-05-02,0.0398177380846772
2024-05-03,-0.025077950289285125
2024-05-06,-0.08164870555189091
2024-05-07,-0.05567122750210221
2024-05-08,-0.06786343730316183
2024-05-09,-0.06605828683859627
2024-05-10,0.008340730990280432
2024-05-13,-0.04084418001171102
2024-05-14,-0.06383455191226191
2024-05-15,0.033359649248129675
2024-05-16,0.03414371029518731
2024-05-17,0.0617568299171716
2024-05-20,-0.08112419364320902
2024-05-21,0.09172045090129205
2024-05-22,0.059783946030213475
2024-05-23,0.05108834779683358
2024-05-24,-0.09475638898980246
2024-05-27,-0.059419480847810395
2024-05-28,0.07762643185767043
2024-05-29,0.004161012573837164
2024-05-30,0.05032463146990096
2024-05-31,-0.0714769832021482
2024-06-03,0.05895340804702867
2024-06-04,-0.08753459728024147
2024-06-05,-0.09588020253335655
2024-06-06,-0.0996578803267463
2024-06-07,0.06281544730183244
2024-06-10,-0.03330576064753531
2024-06-11,0.04461759824790121
2024-06-12,-0.09756119199509877
2024-06-13,0.0426444913520202
2024-06-14,0.035519619389721646
2024-06-17,0.0029654267961860548
2024-06-18,0.06260449917151889
2024-06-19,0.08792012786011225
2024-06-20,-0.030150012550098818
2024-06-21,0.05149739507513609
2024-06-24,0.003680102888880918
2024-06-25,0.08614919129901269
2024-06-26,-0.0704983237294482
2024-06-27,0.03821358519839291
2024-06-28,-0.015633837428495362
2024-07-01,-0.012751802052798286
2024-07-02,0.07692877059010492
2024-07-03,0.08992579011979845
2024-07-04,0.04118254787656633
2024-07-05,-0.059604913417268195
2024-07-08,0.07509340594475494
2024-07-09,0.08477437222435327
2024-07-10,-0.06735030542850201
2024-07-11,0.03256840559170554
2024-07-12,-0.07134024796466609
2024-07-15,-0.007291058785217047
2024-07-16,-0.025050731339529328
2024-07-17,0.09489051165535492
2024-07-18,0.06753195952083701
2024-07-19,-0.08950665557720572
2024-07-22,-0.06666697761167924
2024-07-23,-0.09481925413435617
2024-07-24,0.09206492123895518
2024-07-25,0.09841377203643262
2024-07-26,-0.08139256147730323
2024-07-29,-0.06246616142063499
2024-07-30,0.08585103894930338
2024-07-31,0.059764093191972845
2024-08-01,-0.015280169586548611
2024-08-02,-0.05113713917286096
2024-08-05,0.08139198090566052
2024-08-06,-0.015193223277805146
2024-08-07,-0.062096839777423064
2024-08-08,-0.031992302052435334
2024-08-09,0.060016722827974406
2024-08-12,0.009972117450377155
2024-08-13,0.09288110894143195
2024-08-14,-0.02564328606976994
2024-08-15,-0.03847834532703123
2024-08-16,-0.031474943469800606
2024-08-19,0.0479835931465763
2024-08-20,0.09346648539083566
2024-08-21,0.0023491625693338875
2024-08-22,-0.007820516818766679
2024-08-23,0.0821367023658533
2024-08-26,0.032303580433127754
2024-08-27,-0.08865060145135405
2024-08-28,0.012367700106270946
2024-08-29,-0.031992277254412005
2024-08-30,0.033137819435466315
2024-09-02,-0.046387924273270056
2024-09-03,0.04985679432844961
2024-09-04,0.08549480220906855
2024-09-05,0.014933651139839355
2024-09-06,0.037419446876521406
2024-09-09,0.09399667514662657
2024-09-10,0.06675046605130361
2024-09-11,-0.0031614315439406904
2024-09-12,-0.08295313848820159
2024-09-13,-0.050415913285412686
2024-09-16,0.0077897130022990535
2024-09-17,-0.05077322787774352
2024-09-18,0.022610348950123815
2024-09-19,0.05493562737330762
2024-09-20,0.026183703822145993
2024-09-23,-0.0692270522619915
2024-09-24,0.09824713025634799
2024-09-25,0.04883461312498172
2024-09-26,0.0725054111403137
2024-09-27,0.09117946315208414
2024-09-30,-0.06186955255694718
2024-10-01,-0.03130924690628582
2024-10-02,0.02213497647956235
2024-10-03,0.05933443501970201
2024-10-04,0.05605368983550649
2024-10-07,0.044603510348489084
2024-10-08,0.009508540947899574
2024-10-09,0.03323354985723434
2024-10-10,0.09710556929119635
2024-10-11,0.002567817599556557
2024-10-14,-0.09797650665377125
2024-10-15,0.08624397980324486
2024-10-16,-0.03979349161740245
2024-10-17,-0.01558030901493182
2024-10-18,-0.0014923798099059915
2024-10-21,0.032781348300406216
2024-10-22,0.017539159796012144
2024-10-23,-0.05542109909390938
2024-10-24,0.022536707087818922
2024-10-25,-0.03422911864240197
2024-10-28,-0.040875016094804796
2024-10-29,-0.0995813514616367
2024-10-30,-0.036528446925169614
2024-10-31,0.02958765560953147
2024-11-01,0.041319186357717974
2024-11-04,0.004050428637127276
2024-11-05,0.030237417553019147
2024-11-06,0.039326283465920764
2024-11-07,0.06815323618649688
2024-11-08,0.07048960574693514
2024-11-11,0.06458836114830321
2024-11-12,0.06360272320596885
2024-11-13,-0.06238585178050935
2024-11-14,0.03547997949095488
2024-11-15,0.08043503377064556
2024-11-18,0.06888023272736024
2024-11-19,-0.016335994507644364
2024-11-20,0.08492063351587636
2024-11-21,-0.0027551072551686984
2024-11-22,0.027904359988628558
2024-11-25,-0.016437731536293604
2024-11-26,0.097481422096479
2024-11-27,0.018693742941720354
2024-11-28,0.03551879539756078
2024-11-29,-0.005802425698722774
2024-12-02,0.0855433279737621
2024-12-03,-0.07868520981414169
2024-12-04,0.06376037940868678
2024-12-05,0.017681075414528985
2024-12-06,-0.09531726927269371
2024-12-09,0.0795300061920686
2024-12-10,-0.011824931524876653
2024-12-11,-0.06569547669588649
2024-12-12,-0.017964614015612224
2024-12-13,-0.04085423268029629
2024-12-16,-0.04816099724682608
2024-12-17,0.09624947424591854
2024-12-18,-0.04790484100576629
2024-12-19,0.09583671596255192
2024-12-20,-0.0005737068216280505
2024-12-23,0.08787820579599623
2024-12-24,-0.050247241090430196
2024-12-25,-0.07463360493588488
2024-12-26,0.05618016542558271
2024-12-27,0.0051313387397276256
2024-12-30,-0.023756315789603688
2024-12-31,0.08590423938411315
2025-01-01,-0.05977070516603181
2025-01-02,-0.09463085889077608
2025-01-03,-0.06550054508929098
2025-01-06,0.022478298427702215
2025-01-07,-0.010657781141142658
2025-01-08,0.03234926089213511
2025-01-09,-0.011538297680974113
2025-01-10,-0.050137084176282355
2025-01-13,0.00927711779322464
2025-01-14,-0.0007396569120188268
2025-01-15,-0.0542822254221246
2025-01-16,0.08965003045910824
2025-01-17,0.07457521670565626
2025-01-20,0.06567517491047412
2025-01-21,0.053513904078280355
2025-01-22,-0.09113646194036601
2025-01-23,0.09174035320158777
2025-01-24,-0.008009344802993451
2025-01-27,0.06434404781839828
2025-01-28,0.0637837305781011
2025-01-29,0.031997071952530265
2025-01-30,-0.02806880138370811
2025-01-31,0.05979904974054698
2025-02-03,0.056721726387933796
2025-02-04,0.008688696069798857
2025-02-05,-0.018191820319467228
2025-02-06,0.08807494412105613
2025-02-07,-0.0957739230861225
2025-02-10,0.04175707705328843
2025-02-11,-0.03626777610107994
2025-02-12,0.018637558967484452
2025-02-13,0.04248944964779294
2025-02-14,0.00027794091527152953
2025-02-17,0.03791028201264712
2025-02-18,0.013848936575144494
2025-02-19,0.0918118983971706
2025-02-20,-0.051222026682734595
2025-02-21,-0.05594911574710087
2025-02-24,-0.05068459633000218
2025-02-25,-0.058642415671026286
2025-02-26,-0.08983638733219904
2025-02-27,-0.08027967279969271
2025-02-28,0.07506246159275418
2025-03-03,0.09733384438808051
2025-03-04,-0.04010074913157864
2025-03-05,-0.008299404346340883
2025-03-06,-0.008769420676554174
2025-03-07,0.0012497670228870106
2025-03-10,0.02283981521651926
2025-03-11,-0.026104638445578296
2025-03-12,0.00838419624653941
2025-03-13,0.055987029010707956
2025-03-14,-0.001743052962621644
2025-03-17,0.009608858194334588
2025-03-18,0.030406108898865247
2025-03-19,-0.03916241830503442
2025-03-20,-0.012726792704909354
2025-03-21,0.01664932933459151
2025-03-24,-0.012241159757306802
2025-03-25,-0.09410508590447382
2025-03-26,-0.052569025320609676
2025-03-27,0.014233339262498743
2025-03-28,-0.020672511217606646
2025-03-31,-0.038418103863208077
2025-04-01,0.044015531968756544
2025-04-02,0.09411729697781102
2025-04-03,-0.04855360022083244
2025-04-04,-0.09175930046070971
2025-04-07,-0.09771555842662379
2025-04-08,-0.04994674204142773
2025-04-09,-0.042499590109416174
2025-04-10,-0.002937055029408553
2025-04-11,-0.09803190061323373
2025-04-14,-0.0033327361832229396
2025-04-15,-0.024363679880036987
2025-04-16,0.08338301311242646
2025-04-17,-0.05897023563739601
2025-04-18,0.03794071947698638
2025-04-21,0.00016099971688474102
2025-04-22,-0.08207601049074752
2025-04-23,0.0561527127048439
2025-04-24,-0.005867817298536873
2025-04-25,0.04266760875245493
2025-04-28,-0.0896656462847506
2025-04-29,-0.00273057694780314
2025-04-30,-0.07325496769143369
2025-05-01,-0.07181777680580588
2025-05-02,0.013338190599820443
2025-05-05,0.012384081194141208
2025-05-06,-0.05878594603004739
2025-05-07,-0.015223371525720841
2025-05-08,0.09060809780586979
2025-05-09,0.017045368043119735
2025-05-12,-0.028313662109857446
2025-05-13,0.00782830922247213
2025-05-14,0.054328076907564166
2025-05-15,-0.07460263120599318
2025-05-16,0.036415667191390944
2025-05-19,0.07450798524470245
2025-05-20,-0.046703010700690564
2025-05-21,-0.04929174407197168
2025-05-22,0.005312558123868327
2025-05-23,0.04319232249086688
2025-05-26,0.061987388832448004
2025-05-27,0.04896918319989657
2025-05-28,-0.012290752495926344
2025-05-29,-0.03906661937199723
2025-05-30,0.00032273849428077206
2025-06-02,0.09221306940587926
2025-06-03,0.004727684188432307
2025-06-04,0.01692679360075966
2025-06-05,-0.05096327854730529
2025-06-06,-0.08216399031823557
2025-06-09,-0.04785539218707886
2025-06-10,0.020338969484729796
2025-06-11,0.09313074924990447
2025-06-12,0.0003119275921525527
2025-06-13,0.03455948891193464
2025-06-16,0.09384713273653847
2025-06-17,-0.07006711961566514
2025-06-18,4.347893459803742e-05
2025-06-19,0.008921362003852074
2025-06-20,0.07481521765365887
2025-06-23,0.045205838304187396
2025-06-24,0.00418931208306865
2025-06-25,-0.08617451425289163
2025-06-26,-0.057156496293011116
2025-06-27,0.06616954350100468
2025-06-30,0.025259516987334807
2025-07-01,0.010267610193906429
2025-07-02,0.01767923140984809
2025-07-03,0.051276026890194226
2025-07-04,0.08578542314273682
2025-07-07,0.04758241002671765
2025-07-08,0.07840541966989859
2025-07-09,0.09382209340678627
2025-07-10,0.0340571084243953
2025-07-11,-0.0676701754644029
2025-07-14,0.0008303417790154199
2025-07-15,-0.01639635231723971
2025-07-16,-0.09693749105245182
2025-07-17,-0.08002421872614594
2025-07-18,-0.06240550446962794
2025-07-21,0.052925577280483777
2025-07-22,0.07973197177139993
2025-07-23,-0.05740648402664346
2025-07-24,-0.09499710265296844
2025-07-25,-0.012010913496078524
2025-07-28,0.0611998430650727
2025-07-29,0.004284695046374701
2025-07-30,0.07811320243144634
2025-07-31,0.09622609192560694
2025-08-01,0.02657521790801956
2025-08-04,-0.00047068926045405746
2025-08-05,0.05311863420683355
2025-08-06,-0.08651136755967376
2025-08-07,-0.0736732233859371
2025-08-08,-0.03887324543429687
2025-08-11,-0.05721628353510207
2025-08-12,0.08428148770982055
2025-08-13,0.02368248685839261
2025-08-14,0.08489716531492147
2025-08-15,0.07004181059247194
2025-08-18,-0.016785305903129585
2025-08-19,-0.03573369562760238
2025-08-20,0.0902888303163227
2025-08-21,0.06006832444040744
2025-08-22,0.06942947605668254
2025-08-25,-0.03741929733659986
2025-08-26,-0.04807422329162099
2025-08-27,-0.058145255967650106
2025-08-28,0.05289958467540204
2025-08-29,0.04119395669165382
2025-09-01,-0.09859024053136345
2025-09-02,-0.0004682530380036576
2025-09-03,-0.02013990703611894
2025-09-04,0.03290552773711786
2025-09-05,-0.047052583232328596
2025-09-08,0.04686541622132251
2025-09-09,0.02543358653343558
2025-09-10,0.008320705460706887
2025-09-11,0.07647570624194266
2025-09-12,0.05206095488147991
2025-09-15,0.09099125725645782
2025-09-16,0.05324850667281503
2025-09-17,-0.061723461684063265
2025-09-18,0.005214998289700873
2025-09-19,0.03333697236930733
2025-09-22,0.02055826688968221
2025-09-23,-0.058788784800666606
2025-09-24,0.018007794970133537
2025-09-25,0.0066786408465832475
2025-09-26,-0.01686747944563098
2025-09-29,-0.02312605726488111
2025-09-30,0.05960506955936326
2025-10-01,-0.016302149387453696
2025-10-02,-0.0379915330287671
2025-10-03,0.057884068466982436
2025-10-06,-0.032681851520366845
2025-10-07,-0.07333386141314557
2025-10-08,0.060724952110119246
2025-10-09,0.025764699992364914
2025-10-10,0.030891261018834854
2025-10-13,0.01178205034832476
2025-10-14,0.08449695752411043
2025-10-15,0.02667364008235612
2025-10-16,0.01581443206315085
2025-10-17,0.049887943515806304
2025-10-20,0.09345037978785006
2025-10-21,-0.016639496856491603
2025-10-22,-0.0009157749604445237
2025-10-23,0.061764953522045085
2025-10-24,-0.06625604481054595
2025-10-27,-0.05601265127269772
2025-10-28,0.09367928982839391
2025-10-29,-0.026623452674881448
2025-10-30,-0.02115043802910417
2025-10-31,0.07535835074508065
2025-11-03,0.032861496875229435
2025-11-04,0.0341048629106587
2025-11-05,-0.013812274871134081
2025-11-06,-0.07397349798063782
2025-11-07,0.06379477356278257
2025-11-10,0.0073087432010037895
2025-11-11,0.07936350795715114
